deal_id,timestamp,company,contact,budget,need,timing,competitors,interest,banti_budget,banti_authority,banti_need,banti_timing,banti_interest,banti_total,f3_solution_fit,f3_competitive_force,f3_feasibility,f3_total,go_nogo,tier,reasoning,risk_flags,discovery_overall_fit,discovery_difficulty,discovery_matched_solutions,discovery_next_step,stage,status
GTM-20260317-001,2026-03-17 16:42:09,ISUZU,Production Director,15MB,Production Planning,6 months,3 shortlist,solid level,20,20,8,8,8,64,3,2,4,9,Go,2.0,Deal qualifies as Go with BANTi 64 — Production Director ที่ ISUZU มีงบ 15MB ชัดเจนและมีอำนาจตัดสินใจโดยตรง อย่างไรก็ตาม Need ยังระบุแค่ 'Production Planning' โดยไม่มี business impact เป็นตัวเลข และ Timeline 6 เดือนยังไม่เข้า 90-day threshold ทำให้คะแนนสองตัวนี้ไม่เต็ม F³ total อยู่ที่ 9 (Tier 2) เนื่องจากมีคู่แข่ง 3 รายใน shortlist กดคะแนน Competitive Force ลง แนะนำใช้ Story-driven Proposal เพื่อสร้าง differentiation.,คู่แข่ง 3 รายใน shortlist — ความเสี่ยงสูงที่จะแข่งขันด้านราคา ต้องสร้าง value story ให้ชัดเจน; Need ยังเป็น broad topic 'Production Planning' — ยังไม่มี pain point ที่ชัดหรือ quantified business impact ควร discovery เพิ่มเติม; Timeline 6 เดือนเกิน 90 วัน — ความเสี่ยง deal slip หรือ priority เปลี่ยน ควรหา internal champion ที่ push urgency; Interest ระดับ 'solid' แต่ยังไม่มี internal champion ที่ actively push — ควร identify และ engage champion ภายในองค์กร,,,,,Scoring,Scored
GTM-20260317-002,2026-03-17 16:47:33,AEON,CTO,2MB,Personal Loan Replacement,6 months,2 shortlists,roadmap done,10,20,8,8,20,66,3,3,4,10,Go,2.0,BANTi รวม 66 คะแนน ผ่านเกณฑ์ Go แม้ว่างบ 2MB ยังไม่ได้ confirm ตัวเลขชัดเจน และ Timeline 6 เดือนยังเกิน 90 วัน แต่มีจุดแข็งสำคัญคือคุยกับ CTO โดยตรงและมี internal champion ที่มี roadmap พร้อมแล้ว F³ รวม 10 คะแนน (Tier 2) เนื่องจากอยู่ใน shortlist 2 ราย และ Need ยังอธิบาย business impact เป็นตัวเลขไม่ได้ชัดเจน แนะนำให้ใช้ Story-driven Proposal เพื่อสร้างความแตกต่างจากคู่แข่ง,งบ 2MB ยังไม่ได้รับการ confirm อย่างเป็นทางการ — ควร probe ว่ามี budget approval process อย่างไร; Timeline 6 เดือนเกิน 90 วัน — ความเสี่ยงที่โปรเจกต์จะถูก delay หรือ reprioritize สูง; อยู่ใน shortlist 2 ราย — ต้องรู้จักคู่แข่งและ differentiator ของเราให้ชัดก่อนนำเสนอ; Pain Point 'Personal Loan Replacement' ยังกว้าง — ยังไม่มี quantified business impact ที่ชัดเจน ควร deep-dive เพิ่มเติม,Partial Fit,Medium,Personal Loan Platform,Proceed to Solution Shaping,Discovery,Discovery Complete
GTM-20260317-003,2026-03-17 17:14:59,Toyota Motor Thailand,AGM,13 MB approved,Production Planning replace human operation,12 months,No competitor,Solid,20,10,20,8,20,78,4,5,3,12,Go,3.0,"Deal qualifies strongly with BANTi 78/100 — budget confirmed at 13MB, clear pain point (Production Planning automation replacing human ops), and solid internal champion with no competitive threat. AGM-level contact is a strong influencer but not final decision-maker, so C-Level engagement is critical to close. Timeline at 12 months raises feasibility risk that must be scoped carefully, warranting Strategic C-Level Consulting approach given F³ score of 12.","AGM is influencer, not final decision-maker — need to identify and engage C-Level sponsor (e.g., VP Manufacturing or COO) to secure final approval; 12-month timeline is borderline; production planning replacement carries high operational risk — delivery and go-live phasing must be validated with technical and ops teams; Production Planning replacing human operation implies change management complexity — workforce impact and adoption resistance could delay execution; 13MB budget needs validation against full project scope (integration, UAT, training, hypercare) to avoid mid-project budget shortfall",Partial Fit,Hard,Production Planning System; Advance Planning System; OEE Dashboard; Operation Dashboard; Digital Transformation Consultant,Proceed to Solution Shaping,Discovery,Discovery Complete
GTM-20260317-004,2026-03-17 17:20:51,HOYA,President,3 MB,Connect Machine to IoT,3 months,1 shortlist,solid level,10,20,8,20,20,78,4,5,4,13,Go,3.0,"Deal qualifies as Go with BANTi score of 78 — President-level authority and 3-month timeline create strong executive urgency. F³ score of 13 pushes this to Tier 3 Strategic C-level Consulting, as we are the sole shortlisted vendor with solid interest from the top. Budget at 3MB is stated but not fully confirmed, and IoT machine connectivity need requires further scoping to validate solution fit depth.","Budget '3MB' not confirmed — unclear if this is 3 Million Baht or MB (megabytes), needs immediate clarification to validate financial commitment; Need defined as 'Connect Machine to IoT' is too broad — must uncover specific pain points, number of machines, protocols (OPC-UA, MQTT, etc.) and business impact in measurable terms; Solution fit scored 4/5 due to potential custom integration requirements for factory-floor IoT connectivity — assess need for middleware or edge gateway; Feasibility slightly reduced — 3-month go-live is aggressive for IoT machine integration; resource and delivery readiness must be confirmed immediately",Partial Fit,Medium,IoT Platform; OEE Dashboard; Operation Dashboard,Proceed to Solution Shaping,Discovery,Discovery Complete
GTM-20260317-005,2026-03-17 17:29:11,Kawasaki,CTO,confirmed 3 mb,Warehouse management system,60 days,no competitor,Solid,20,20,8,20,20,88,4,5,4,13,Go,3.0,"Deal scores strongly on BANTi (88/100) with confirmed 3MB budget, direct CTO engagement, aggressive 60-day timeline, and no competition — all high-confidence signals. F³ lands at 13/15, with solution fit and feasibility slightly docked due to insufficient detail on WMS requirement scope and delivery readiness within 60 days. This warrants a Strategic C-Level Consulting approach to deeply align WMS solution architecture with Kawasaki's operational needs and de-risk the tight timeline.","Need score is weak — pain points and business impact for WMS not quantified (e.g., inventory accuracy loss, fulfillment delays); must be validated before proposal; 60-day go-live is aggressive for a WMS implementation — feasibility risk if scope, integrations (ERP/WMS), and warehouse size are not yet scoped; Budget at 3MB needs currency confirmation and alignment with full project scope including integration, training, and UAT phases",Partial Fit,Medium,WMS Platform,Proceed to Solution Shaping,Discovery,Discovery Complete
GTM-20260317-006,2026-03-17 17:37:55,Toyota Motor Thailand,EVP,3mb,Spare part stock management,3 months,no,solid,10,20,8,20,20,78,4,5,4,13,Go,3.0,"Deal qualifies strongly with BANTi 78 — EVP-level authority, firm 3-month go-live, and solid internal champion give high confidence. Budget of 3MB is stated but not yet confirmed with PO/budget code, and the spare part stock management pain lacks quantified business impact which limits Need score. F³ reaches 13 (Tier 3) driven by no competition and reasonable feasibility, warranting a Strategic C-level Consulting approach to elevate the conversation around supply chain ROI and inventory optimization value.","Budget at 3MB not yet confirmed via PO or budget code — validate budget approval process and fiscal cycle with EVP directly; Need/pain is described generically as 'spare part stock management' — must quantify business impact (e.g., stockout cost, overstock value, write-off losses) to strengthen justification and proposal ROI; Toyota scale may require integration with existing ERP/TMS systems — assess technical feasibility and customization scope early to protect delivery timeline",Partial Fit,Medium,Warehouse Management System (WMS); Operation Dashboard,Proceed to Solution Shaping,Solution Shaping,Shaping Complete
GTM-20260317-007,2026-03-17 17:45:41,Toyota Motor Thailand,EVP,3mb,Spare part stock management,3 months,no,solid,10,20,8,20,20,78,4,5,4,13,Go,3.0,"Deal qualifies strongly with BANTi 78 — EVP-level authority, firm 3-month go-live, and solid internal champion with no competing vendors. Budget of 3MB is stated but not yet confirmed with PO/budget code, and spare part stock management pain lacks quantified business impact, leaving some scoring headroom. F³ scores 13/15 indicating high strategic value, triggering Tier 3 Strategic C-level Consulting approach.","Budget 3MB not confirmed with PO or budget code — validate approval status with EVP directly; Pain point 'spare part stock management' is broad — need to quantify business impact (e.g., stockout cost, overstock value, downtime frequency) to sharpen ROI narrative; Toyota corporate procurement process may introduce additional approvers or compliance layers beyond EVP — map full decision committee early; 3-month timeline is tight for enterprise at Toyota scale — assess implementation readiness and data migration complexity upfront",Partial Fit,Medium,Warehouse Management System (WMS); OEE Dashboard; IoT / Sensor System; Operation Dashboard,Proceed to Solution Shaping,Discovery,Discovery Complete
GTM-20260319-001,2026-03-19 15:33:11,test,manager,2mb,erp,2months,no,solid,10,10,8,20,8,56,3,5,3,11,No-Go,,BANTi รวมได้ 56 คะแนน ต่ำกว่าเกณฑ์ Go ที่ 60 คะแนน เนื่องจากงบประมาณยังไม่ได้รับการยืนยันเป็นตัวเลขชัดเจน (2mb อาจหมายถึง 2 million baht แต่ยังไม่มี PO/budget code) และ Contact เป็นระดับ Manager ซึ่งเป็น influencer ไม่ใช่ผู้มีอำนาจตัดสินใจสูงสุด นอกจากนี้ Need ระบุเพียง 'ERP' โดยไม่มี pain point หรือ business impact เป็นตัวเลขที่ชัดเจน ทำให้คะแนนรวมไม่ผ่านเกณฑ์,Authority Gap: Manager อาจไม่ใช่ final decision maker — ต้องหา C-Level / VP sponsor; Need ไม่ชัดเจน: ระบุแค่ 'ERP' ไม่มี pain point หรือ business impact เป็นตัวเลข; Budget ไม่ confirmed: '2mb' ยังไม่มี PO หรือ budget code รองรับ; Timeline เพียง 2 เดือน อาจ tight เกินไปสำหรับ ERP implementation — ความเสี่ยงด้าน feasibility สูง; Interest ระดับ 'solid' แต่ขาด internal champion ที่ actively push โปรเจกต์,Full Custom,Hard,Production Planning System; Accounting System; Purchasing System,Need More Info,Discovery,Discovery Complete
GTM-20260319-002,2026-03-19 15:56:58,Thai Honda,CTO,70MB,Replace current lagacy Production and implement IoT with machine,24 months,"3 Competitors, Fujitsu, Abeam, NTT Data",TOR already launch,20,20,20,8,20,88,4,3,3,10,Go,2.0,"Deal qualifies strongly on BANTi (88/100) — CTO engagement, confirmed 70MB budget, clear pain around legacy production + IoT, and TOR already launched signals high urgency and internal championship. F³ scores moderate (10/15) due to 3 strong Japanese SI competitors (Fujitsu, ABeam, NTT Data) in the race and a 24-month timeline that requires careful resource planning, warranting a Story-driven proposal that differentiates on value and local execution capability.","Heavy competition from 3 Tier-1 Japanese SIs (Fujitsu, ABeam, NTT Data) — strong brand affinity risk given Honda's Japanese parent company relationship; 24-month timeline exceeds 90-day go-live threshold, increasing risk of scope creep, budget reallocation, or project cancellation mid-cycle; IoT + Legacy replacement combo may require significant custom integration work — solution fit needs technical validation to confirm 80%+ standard coverage; TOR already launched means evaluation criteria are fixed — late differentiation window, must align proposal tightly to TOR specifications immediately",Partial Fit,Hard,Production Planning System; Advance Planning System; IoT / Sensor System; OEE Dashboard; Operation Dashboard; Digital Transformation Consultant,Proceed to Solution Shaping,Solution Shaping,Shaping Complete
